Age,Campus,I feel safe on campus,I have easy access to food I enjoy while on campus,I know how to contact security while on campus,It is easy to get to my classes while on campus,Parking is Easy to Find,Respondent Name,Id
19,West Annex,4,2,5,2,3,"Adams, Aaron",931
19,Main Campus,1,3,3,1,2,"Adams, Gloria",596
20,West Annex,1,1,3,2,2,"Adams, Nancy",119
20,Main Campus,3,2,2,2,1,"Adams, Patrick",480
23,Main Campus,3,3,5,3,1,"Adams, Ruby",625
23,West Annex,3,1,4,3,1,"Adams, Willie",555
19,West Annex,1,1,3,2,3,"Alexander, Marie",908
22,Main Campus,4,4,5,3,3,"Alexander, Walter",383
20,West Annex,4,5,5,1,3,"Allen, Carolyn",638
24,West Annex,2,1,4,2,2,"Allen, Jesse",262
24,Main Campus,4,3,2,5,3,"Allen, Russell",846
20,West Annex,4,1,1,1,2,"Allen, Sandra",794
22,Main Campus,1,1,3,1,3,"Alvarez, Jeffrey",92
19,West Annex,2,2,1,2,1,"Alvarez, Judith",465
22,West Annex,1,2,1,2,3,"Alvarez, Lillian",966
23,Main Campus,1,1,3,3,4,"Alvarez, Paul",547
20,West Annex,3,2,1,1,1,"Alvarez, Tina",595
23,Main Campus,3,3,3,2,2,"Anderson, Billy",464
19,West Annex,1,2,3,1,3,"Anderson, Brenda",613
21,Main Campus,2,2,2,2,1,"Anderson, Carolyn",456
22,West Annex,3,2,4,1,3,"Anderson, Jason",568
20,West Annex,1,3,1,2,3,"Anderson, Jean",238
18,Main Campus,2,3,2,2,1,"Anderson, Sandra",336
22,West Annex,1,1,1,2,1,"Andrews, George",391
21,West Annex,3,1,3,2,3,"Andrews, Howard",246
18,Main Campus,2,3,3,3,2,"Andrews, Lisa",131
24,Main Campus,3,3,5,5,1,"Andrews, Robin",702
20,Main Campus,3,1,1,1,2,"Armstrong, Anthony",404
20,Main Campus,1,3,5,3,3,"Armstrong, David",283
24,West Annex,3,2,5,2,4,"Armstrong, Martha",382
21,West Annex,1,2,3,3,5,"Arnold, Dennis",17
19,Main Campus,5,3,5,5,1,"Arnold, Juan",792
20,Main Campus,5,4,2,3,5,"Arnold, Keith",365
22,West Annex,2,1,2,1,3,"Arnold, Stephen",188
21,Main Campus,2,3,4,2,1,"Austin, Eugene",217
20,Main Campus,2,1,2,1,2,"Bailey, Antonio",857
20,West Annex,4,4,2,5,5,"Bailey, Samuel",356
19,West Annex,1,1,2,1,4,"Bailey, Steve",452
20,West Annex,1,1,5,1,1,"Baker, Diana",727
24,West Annex,4,2,2,4,5,"Baker, Justin",870
24,West Annex,3,5,5,5,4,"Banks, Aaron",189
22,Main Campus,3,5,2,4,3,"Banks, Amy",653
18,Main Campus,1,1,5,2,3,"Banks, Charles",127
20,West Annex,3,1,2,1,2,"Banks, Fred",639
20,West Annex,3,1,3,2,1,"Banks, James",820
21,West Annex,2,3,3,2,3,"Banks, Lisa",478
20,Main Campus,3,3,3,1,3,"Barnes, Annie",741
18,Main Campus,3,1,2,2,2,"Barnes, Carlos",576
24,West Annex,3,1,2,1,5,"Barnes, Howard",12
23,Main Campus,1,1,4,2,1,"Barnes, Kenneth",50
21,West Annex,1,3,3,3,3,"Barnes, Louise",873
23,West Annex,3,1,1,3,1,"Bell, Carolyn",57
24,Main Campus,3,2,5,3,1,"Bell, Donald",175
22,Main Campus,1,3,2,1,3,"Bell, Eugene",983
22,Main Campus,1,1,2,1,2,"Bell, Kathleen",494
20,West Annex,3,3,2,3,3,"Bell, Ruby",563
24,West Annex,1,1,3,2,2,"Bennett, Annie",44
24,West Annex,1,3,3,2,1,"Bennett, Harry",125
22,Main Campus,1,1,4,2,2,"Bennett, Tina",969
19,Main Campus,1,3,5,2,3,"Berry, Lois",243
18,Main Campus,3,2,3,3,4,"Bishop, Aaron",572
23,West Annex,1,2,1,3,2,"Bishop, Billy",429
18,West Annex,3,2,5,5,3,"Bishop, Frank",598
18,Main Campus,1,3,3,2,1,"Bishop, Johnny",712
19,West Annex,3,1,4,2,3,"Bishop, Lawrence",152
24,West Annex,3,1,1,1,1,"Black, Gregory",440
18,West Annex,1,1,3,1,1,"Black, Kimberly",830
20,Main Campus,1,2,4,5,2,"Bowman, Andrew",724
19,West Annex,2,1,3,2,1,"Bowman, Ashley",325
20,Main Campus,1,1,5,1,2,"Bowman, Catherine",636
23,West Annex,2,3,5,2,1,"Bowman, Donna",185
18,West Annex,5,5,5,5,3,"Bowman, Harry",228
22,Main Campus,3,2,1,3,2,"Bowman, Jane",364
19,West Annex,3,3,2,2,5,"Bowman, Kathy",22
23,West Annex,3,3,4,2,2,"Bowman, Ruby",899
19,West Annex,1,3,3,1,1,"Bradley, Adam",96
19,Main Campus,2,2,2,1,1,"Bradley, Carol",41
24,Main Campus,2,4,5,2,3,"Bradley, Linda",998
23,West Annex,3,4,5,5,4,"Bradley, Michelle",454
18,Main Campus,1,2,5,1,2,"Brooks, Howard",994
22,Main Campus,2,2,5,2,2,"Brooks, Janice",444
23,Main Campus,3,1,3,1,1,"Brooks, Shirley",36
24,West Annex,2,2,1,4,3,"Brown, Brandon",853
24,West Annex,1,1,2,2,1,"Brown, Donald",266
23,Main Campus,5,5,3,4,5,"Brown, Helen",135
23,Main Campus,1,1,5,5,2,"Brown, Helen",882
24,West Annex,5,2,4,4,4,"Bryant, Jack",984
20,West Annex,3,2,4,3,1,"Bryant, Mark",735
21,Main Campus,2,2,5,2,3,"Burke, Marilyn",211
20,West Annex,3,1,4,3,2,"Burke, Timothy",609
23,West Annex,3,3,5,3,1,"Burns, Betty",426
20,Main Campus,2,3,1,1,3,"Burns, Bruce",736
20,Main Campus,3,1,3,3,1,"Burns, Christine",511
20,West Annex,2,3,5,2,4,"Burns, Gregory",307
23,Main Campus,1,2,5,2,2,"Burns, Mary",449
22,West Annex,4,3,2,4,1,"Burns, William",987
19,West Annex,2,2,1,5,2,"Burton, Janet",701
23,Main Campus,2,2,1,5,3,"Burton, Timothy",911
20,Main Campus,1,2,4,2,3,"Butler, Heather",423
24,Main Campus,3,2,3,2,1,"Butler, Johnny",795
22,Main Campus,4,4,4,1,5,"Butler, Johnny",1000
18,West Annex,1,3,4,2,2,"Butler, Justin",559
18,West Annex,2,3,4,2,3,"Butler, Kenneth",463
22,West Annex,2,5,2,1,4,"Butler, Martin",619
24,Main Campus,5,5,2,3,5,"Butler, Ronald",150
21,Main Campus,1,2,1,3,3,"Campbell, Anne",193
23,Main Campus,2,1,4,1,1,"Campbell, Fred",890
23,Main Campus,1,2,1,1,1,"Campbell, George",335
24,Main Campus,5,3,3,3,2,"Campbell, Mildred",804
19,West Annex,3,3,5,2,3,"Campbell, Virginia",2
19,Main Campus,1,3,4,1,3,"Carpenter, Carolyn",118
19,West Annex,1,2,4,2,1,"Carpenter, Denise",435
24,Main Campus,2,2,1,3,1,"Carpenter, Jennifer",420
20,Main Campus,3,2,4,2,2,"Carpenter, Russell",489
19,Main Campus,3,1,2,2,1,"Carpenter, Walter",345
23,West Annex,3,3,4,2,3,"Carr, Juan",756
22,Main Campus,4,1,4,5,5,"Carr, Marilyn",61
18,West Annex,2,1,2,3,1,"Carr, Paula",330
23,Main Campus,4,4,3,4,4,"Carroll, Brian",354
24,Main Campus,3,2,4,4,3,"Carroll, Eugene",948
23,Main Campus,1,3,5,3,3,"Carroll, Jennifer",77
24,Main Campus,3,3,3,2,1,"Carter, Albert",815
18,Main Campus,1,2,5,3,2,"Carter, Catherine",181
23,Main Campus,2,5,5,3,3,"Carter, Janice",633
24,West Annex,5,3,5,1,3,"Carter, Jennifer",763
19,Main Campus,1,3,3,2,1,"Carter, Paul",545
21,West Annex,1,1,3,4,3,"Carter, Samuel",876
19,West Annex,1,3,1,1,2,"Castillo, David",894
18,West Annex,4,3,2,5,3,"Castillo, Howard",863
24,West Annex,4,5,4,5,5,"Chapman, Brian",620
20,West Annex,5,1,1,5,4,"Chapman, Jack",29
21,Main Campus,2,1,4,1,3,"Chapman, Jose",946
19,West Annex,2,1,5,2,2,"Chapman, Ralph",204
20,Main Campus,1,1,2,1,1,"Chapman, Rose",11
24,Main Campus,3,5,1,5,5,"Chavez, Chris",110
20,West Annex,2,2,2,2,1,"Chavez, Elizabeth",375
22,West Annex,3,3,4,1,1,"Chavez, Kevin",835
18,Main Campus,3,2,2,1,2,"Chavez, Lori",822
24,West Annex,1,1,5,1,4,"Chavez, Michelle",62
23,Main Campus,3,2,5,2,3,"Chavez, Virginia",483
22,Main Campus,1,2,1,1,2,"Clark, Chris",679
20,Main Campus,1,1,2,3,1,"Clark, Christina",31
23,Main Campus,2,2,2,1,3,"Clark, Joseph",918
23,West Annex,3,3,2,2,1,"Clark, Judy",755
22,Main Campus,1,3,2,2,2,"Clark, Ruth",887
24,West Annex,2,1,4,2,1,"Cole, Eric",775
24,West Annex,1,1,5,1,2,"Cole, Irene",769
18,Main Campus,2,3,2,3,3,"Cole, Johnny",831
22,Main Campus,1,3,3,1,4,"Cole, Lawrence",297
18,West Annex,3,5,3,4,4,"Cole, Mary",109
24,Main Campus,2,2,3,2,2,"Cole, Walter",39
21,Main Campus,3,2,1,1,5,"Coleman, Frances",37
24,West Annex,2,1,3,2,1,"Coleman, Jean",205
18,West Annex,4,4,3,5,4,"Coleman, Jimmy",349
24,Main Campus,1,1,3,1,3,"Coleman, Shawn",278
21,Main Campus,1,2,1,2,4,"Collins, John",282
21,Main Campus,2,3,3,1,3,"Collins, Martha",433
20,Main Campus,5,2,3,2,3,"Cook, Maria",991
19,West Annex,2,1,5,1,2,"Cook, Marilyn",912
21,West Annex,3,5,3,5,3,"Cook, Melissa",132
20,West Annex,4,1,1,3,3,"Cooper, Brian",663
18,Main Campus,5,3,4,4,5,"Cooper, Douglas",486
23,Main Campus,4,2,4,2,2,"Cooper, Jimmy",659
23,West Annex,1,2,2,1,1,"Cox, Alice",25
19,Main Campus,2,1,2,2,1,"Cox, Edward",460
24,West Annex,1,1,3,1,3,"Cox, Justin",97
22,West Annex,2,2,5,3,3,"Crawford, Mildred",758
18,West Annex,5,5,5,5,4,"Crawford, Rose",136
22,Main Campus,1,1,4,3,5,"Crawford, Roy",4
19,West Annex,3,2,3,4,1,"Cruz, Howard",817
21,West Annex,3,3,4,2,3,"Cruz, Jerry",58
20,Main Campus,3,3,4,4,2,"Cruz, Martha",877
23,West Annex,3,2,4,1,2,"Cruz, Sandra",566
24,West Annex,3,1,1,3,3,"Cunningham, Diana",453
20,Main Campus,1,3,4,1,4,"Cunningham, Janice",462
24,Main Campus,2,1,4,1,1,"Cunningham, Justin",750
24,West Annex,3,3,3,1,2,"Cunningham, Philip",394
21,West Annex,1,2,2,1,1,"Daniels, Alan",461
22,Main Campus,3,3,5,4,5,"Daniels, Kathryn",535
20,West Annex,5,1,4,5,1,"Daniels, Mildred",812
19,West Annex,3,1,4,1,1,"Daniels, Ruth",26
23,West Annex,1,3,1,2,1,"Daniels, Ryan",622
19,Main Campus,4,2,4,1,1,"Davis, Judy",700
19,Main Campus,2,1,5,3,2,"Davis, Margaret",224
24,Main Campus,1,2,5,2,4,"Davis, Peter",317
21,West Annex,1,1,2,2,1,"Davis, Robin",265
19,West Annex,3,2,4,2,3,"Davis, Russell",468
22,West Annex,2,3,2,1,1,"Day, Carol",350
22,Main Campus,3,1,1,3,1,"Day, Jeremy",525
19,West Annex,4,4,4,5,2,"Day, Paul",347
21,Main Campus,1,2,5,3,2,"Day, Rebecca",24
20,Main Campus,1,2,1,3,1,"Dean, Anthony",311
22,West Annex,1,2,4,2,2,"Dean, Janet",779
18,West Annex,5,3,2,3,4,"Dean, Juan",574
21,Main Campus,5,1,2,4,4,"Diaz, Adam",54
20,Main Campus,5,5,3,5,3,"Diaz, Carlos",112
23,Main Campus,3,2,2,3,2,"Diaz, Donna",439
21,Main Campus,1,3,3,1,1,"Diaz, Randy",565
22,Main Campus,2,2,3,1,2,"Dixon, Kimberly",589
24,Main Campus,2,2,1,2,2,"Dixon, Rachel",184
22,Main Campus,1,1,1,2,2,"Duncan, Aaron",524
24,West Annex,2,3,4,3,3,"Duncan, Justin",898
19,Main Campus,4,2,1,4,3,"Duncan, Kevin",848
24,Main Campus,3,5,1,3,5,"Duncan, Patrick",665
19,Main Campus,3,2,4,5,1,"Dunn, Cheryl",585
22,Main Campus,4,4,2,3,2,"Dunn, Johnny",357
19,West Annex,4,5,4,5,3,"Dunn, Julie",113
20,West Annex,1,2,2,3,5,"Dunn, Maria",845
24,West Annex,2,3,3,1,2,"Dunn, Samuel",739
20,West Annex,3,2,2,3,2,"Edwards, Antonio",584
19,West Annex,1,1,1,2,1,"Edwards, Mildred",106
19,Main Campus,1,1,4,3,2,"Elliott, Anne",126
23,West Annex,2,2,3,1,3,"Elliott, Carlos",533
18,West Annex,3,3,3,5,3,"Elliott, Sharon",808
20,Main Campus,1,1,3,1,3,"Ellis, Christine",157
18,Main Campus,1,3,1,2,2,"Ellis, Joan",854
21,West Annex,2,3,1,1,1,"Ellis, Joshua",705
24,West Annex,1,2,2,1,3,"Ellis, Shawn",643
18,West Annex,3,2,2,4,4,"Evans, Joshua",837
19,Main Campus,3,3,3,2,1,"Evans, Paul",980
18,Main Campus,5,4,2,3,5,"Ferguson, Annie",471
18,Main Campus,1,3,4,1,1,"Ferguson, Cynthia",915
24,West Annex,4,3,5,3,2,"Ferguson, Daniel",527
22,West Annex,3,1,5,1,2,"Ferguson, David",734
23,Main Campus,4,4,1,5,4,"Ferguson, Eugene",304
21,Main Campus,3,1,1,1,3,"Ferguson, Karen",796
21,Main Campus,4,2,5,5,1,"Ferguson, Paula",645
24,Main Campus,3,1,2,4,3,"Ferguson, Wanda",78
23,West Annex,5,2,2,5,3,"Fernandez, Alan",766
19,West Annex,3,1,3,2,2,"Fernandez, John",634
19,West Annex,3,3,4,5,3,"Fernandez, Judy",818
19,West Annex,3,4,1,4,5,"Fernandez, Larry",315
22,West Annex,5,3,4,5,4,"Fields, Joseph",599
23,Main Campus,3,3,2,1,3,"Fields, Nicholas",936
19,Main Campus,3,2,3,1,1,"Fields, Randy",677
19,West Annex,1,2,2,2,2,"Fisher, Billy",209
20,Main Campus,3,2,1,2,4,"Fisher, Jane",557
21,West Annex,1,3,2,3,1,"Fisher, Sarah",361
20,Main Campus,5,5,2,5,5,"Fisher, Theresa",707
21,West Annex,2,3,1,3,1,"Fisher, Timothy",690
20,West Annex,2,2,1,2,3,"Flores, Gary",778
23,West Annex,1,3,2,3,2,"Flores, Gerald",944
19,Main Campus,1,2,1,3,1,"Flores, Jack",667
21,Main Campus,4,1,5,5,4,"Flores, Judith",59
21,Main Campus,2,3,3,1,1,"Flores, Mark",321
21,West Annex,2,3,3,1,1,"Flores, Timothy",615
20,West Annex,1,2,3,2,4,"Ford, Daniel",397
19,Main Campus,1,3,5,1,3,"Ford, Earl",138
18,West Annex,3,2,2,5,3,"Ford, Nancy",953
20,Main Campus,3,1,3,5,2,"Ford, Ronald",686
20,West Annex,3,1,4,2,2,"Ford, Roy",64
21,West Annex,2,1,4,3,3,"Foster, Craig",162
18,Main Campus,1,3,5,3,1,"Foster, Lois",496
21,West Annex,2,1,2,2,1,"Foster, Tammy",386
18,West Annex,1,1,3,1,5,"Fowler, Clarence",27
22,West Annex,4,3,4,2,1,"Fowler, Dorothy",570
22,West Annex,3,1,3,2,2,"Fowler, Justin",237
20,West Annex,2,2,2,4,5,"Fox, Elizabeth",970
22,West Annex,1,2,4,2,3,"Fox, Jeffrey",458
23,West Annex,1,3,1,2,1,"Fox, Kathryn",541
18,West Annex,3,2,5,2,1,"Fox, Russell",395
24,Main Campus,3,2,4,1,2,"Franklin, Henry",194
19,West Annex,2,1,3,2,2,"Franklin, James",244
23,Main Campus,2,2,5,1,1,"Franklin, Janice",65
18,West Annex,1,2,2,1,2,"Franklin, Joe",2
20,Main Campus,1,1,5,1,1,"Franklin, Jonathan",192
18,Main Campus,5,1,5,3,1,"Franklin, Michelle",42
23,Main Campus,5,5,5,5,5,"Freeman, Ann",91
22,West Annex,1,1,1,1,4,"Freeman, Charles",447
24,Main Campus,3,2,4,5,3,"Fuller, Amy",823
23,Main Campus,3,2,5,2,3,"Fuller, Janice",473
19,West Annex,2,1,4,1,4,"Fuller, Jesse",392
24,West Annex,1,3,4,1,5,"Fuller, Patricia",32
24,Main Campus,4,3,3,3,2,"Garcia, Bobby",542
21,West Annex,3,2,4,1,3,"Garcia, Bonnie",623
19,Main Campus,3,3,4,3,2,"Garcia, Heather",964
18,Main Campus,1,2,3,3,3,"Garcia, Kathy",308
18,West Annex,2,3,1,2,3,"Garcia, Lawrence",753
18,Main Campus,1,3,3,1,2,"Gardner, Antonio",164
22,West Annex,4,2,5,2,1,"Gardner, Jason",797
18,West Annex,5,1,5,4,1,"Gardner, Joan",47
22,West Annex,4,5,2,4,4,"Gardner, Louise",629
22,Main Campus,1,1,2,1,1,"Gardner, Philip",90
19,Main Campus,3,1,2,2,3,"Garrett, Amy",723
23,West Annex,1,1,4,1,3,"Garrett, Gloria",338
18,Main Campus,4,3,3,3,3,"Garrett, Nicole",933
20,West Annex,3,2,1,1,3,"Garza, Charles",592
22,Main Campus,1,1,4,3,3,"Garza, Cheryl",98
21,Main Campus,3,5,5,5,5,"George, Anne",95
20,West Annex,2,2,1,4,5,"George, Brian",880
23,Main Campus,5,3,4,5,3,"George, Dennis",821
23,Main Campus,5,5,1,5,3,"George, Jeremy",148
22,West Annex,1,3,4,2,2,"Gibson, Cynthia",459
19,Main Campus,1,2,3,2,2,"Gibson, Deborah",186
21,Main Campus,1,1,5,3,3,"Gibson, Doris",38
20,West Annex,5,4,5,3,5,"Gibson, Julie",740
22,Main Campus,2,3,5,4,2,"Gibson, Lillian",989
22,Main Campus,3,3,1,1,3,"Gibson, Rachel",612
23,Main Campus,1,2,5,3,2,"Gibson, Susan",146
18,Main Campus,2,1,5,2,3,"Gilbert, Cynthia",791
24,West Annex,4,2,3,2,4,"Gilbert, Emily",844
20,West Annex,3,3,4,1,2,"Gilbert, Lois",681
18,West Annex,2,1,4,2,1,"Gilbert, Martha",310
21,West Annex,4,5,2,4,5,"Gomez, Albert",240
21,West Annex,2,2,2,3,3,"Gomez, Joe",498
19,Main Campus,3,3,2,3,3,"Gonzales, Andrew",748
23,Main Campus,3,2,1,1,5,"Gonzales, Ashley",900
20,West Annex,2,2,5,4,1,"Gonzales, Debra",985
18,Main Campus,1,2,1,1,2,"Gonzales, Gregory",111
22,West Annex,2,1,3,3,2,"Gonzalez, Lois",79
24,West Annex,1,3,1,1,3,"Gonzalez, Nicole",147
19,West Annex,3,3,2,3,3,"Gonzalez, Ralph",973
18,West Annex,1,1,1,5,2,"Gonzalez, Shirley",962
24,Main Campus,2,5,5,1,4,"Gonzalez, Willie",694
23,West Annex,1,2,1,1,3,"Gordon, Evelyn",3
18,Main Campus,2,3,5,1,2,"Graham, Joan",924
19,West Annex,3,3,4,2,2,"Graham, Juan",234
24,Main Campus,2,3,2,2,2,"Graham, Judy",199
19,West Annex,1,1,1,1,2,"Graham, Kelly",161
21,West Annex,4,1,1,3,3,"Grant, Brian",573
23,Main Campus,2,1,1,3,3,"Grant, Gerald",183
23,Main Campus,4,3,4,1,1,"Grant, Jimmy",720
24,West Annex,3,2,3,2,3,"Grant, Roger",353
23,Main Campus,3,1,1,3,4,"Gray, Bruce",457
19,West Annex,1,1,1,1,3,"Gray, Donald",128
18,West Annex,1,3,5,2,3,"Gray, Larry",216
18,Main Campus,3,2,5,3,2,"Gray, Shawn",519
23,West Annex,1,3,3,1,4,"Gray, Shirley",442
21,West Annex,4,3,3,3,3,"Green, Diane",528
24,Main Campus,1,2,4,2,1,"Green, Joe",286
20,Main Campus,2,1,1,2,2,"Green, Paula",644
23,West Annex,5,5,2,5,5,"Green, Sara",100
23,West Annex,3,3,5,2,3,"Green, Theresa",923
21,Main Campus,1,1,2,3,1,"Greene, Bobby",20
20,West Annex,3,2,5,3,1,"Greene, Frances",500
21,West Annex,2,2,5,1,4,"Greene, Mary",934
19,West Annex,2,2,4,3,2,"Griffin, Carl",499
19,Main Campus,1,3,5,1,2,"Griffin, Christopher",74
22,West Annex,3,3,2,3,3,"Griffin, Harold",523
21,West Annex,1,1,4,5,2,"Griffin, James",872
23,Main Campus,3,1,1,1,2,"Griffin, Rose",124
23,Main Campus,4,3,3,2,1,"Gutierrez, Craig",742
19,Main Campus,3,1,5,2,3,"Gutierrez, Howard",858
22,West Annex,2,3,1,5,5,"Gutierrez, James",600
24,West Annex,3,3,5,4,5,"Gutierrez, Linda",530
21,West Annex,1,1,2,2,1,"Gutierrez, Martha",305
19,West Annex,1,1,4,5,1,"Gutierrez, Michelle",940
22,West Annex,3,2,2,1,1,"Gutierrez, Mildred",71
20,West Annex,3,3,5,2,2,"Gutierrez, Patricia",252
22,Main Campus,2,1,4,1,2,"Gutierrez, Phillip",469
20,Main Campus,2,1,3,2,1,"Gutierrez, Phillip",485
24,Main Campus,1,1,2,2,2,"Gutierrez, William",884
18,Main Campus,2,3,1,3,1,"Hall, Christina",501
20,West Annex,3,3,1,3,2,"Hall, George",14
19,West Annex,3,1,5,5,3,"Hall, Jane",836
23,Main Campus,1,3,3,3,3,"Hall, Mildred",688
21,Main Campus,1,2,1,1,2,"Hall, Roger",689
18,Main Campus,4,2,1,1,2,"Hamilton, Alan",586
21,West Annex,2,1,3,1,1,"Hamilton, Christina",516
23,West Annex,3,1,2,1,2,"Hamilton, Kelly",227
20,Main Campus,3,5,4,3,3,"Hamilton, Kevin",226
19,West Annex,2,1,4,5,2,"Hamilton, Nicole",929
21,Main Campus,2,3,3,3,2,"Hansen, Sean",879
24,West Annex,2,2,3,5,2,"Hanson, Albert",922
21,Main Campus,1,3,4,5,3,"Hanson, Chris",963
22,Main Campus,4,3,2,4,4,"Hanson, Maria",509
22,Main Campus,1,2,1,3,4,"Hanson, Randy",402
21,Main Campus,1,3,1,3,3,"Harper, Charles",53
23,Main Campus,1,1,4,2,2,"Harper, Julie",19
21,Main Campus,1,1,1,3,3,"Harper, Michael",298
22,Main Campus,2,2,2,1,2,"Harper, Randy",339
19,West Annex,1,3,4,5,1,"Harris, Bobby",972
22,Main Campus,1,1,5,1,1,"Harris, Earl",410
23,West Annex,2,1,1,1,3,"Harris, Janice",343
20,West Annex,1,3,3,1,2,"Harris, Jonathan",604
19,West Annex,1,1,1,5,2,"Harris, Terry",832
22,Main Campus,4,3,2,1,3,"Harrison, Bobby",648
21,Main Campus,1,2,4,4,2,"Harrison, Daniel",974
24,Main Campus,5,5,3,4,3,"Harrison, Diane",173
24,West Annex,3,2,1,2,3,"Harrison, Margaret",488
24,West Annex,1,2,3,1,1,"Hart, Doris",270
19,Main Campus,3,5,1,5,3,"Hart, Gregory",82
20,West Annex,1,2,4,3,5,"Hart, James",855
23,West Annex,2,2,3,2,1,"Hart, Michelle",415
18,Main Campus,2,3,4,3,2,"Hart, Philip",174
21,Main Campus,4,2,1,1,3,"Harvey, Brandon",597
21,West Annex,2,3,2,4,3,"Harvey, Brian",893
20,West Annex,2,1,1,1,3,"Harvey, Ronald",167
19,Main Campus,1,3,5,1,1,"Hawkins, Aaron",130
19,West Annex,4,2,5,3,4,"Hawkins, Cheryl",892
19,West Annex,1,2,3,1,3,"Hawkins, Karen",88
22,West Annex,3,2,1,3,1,"Hawkins, Wayne",550
19,West Annex,4,4,5,5,3,"Hayes, Craig",303
21,Main Campus,2,2,2,3,4,"Hayes, Lillian",567
21,Main Campus,1,3,3,1,2,"Hayes, Randy",709
18,West Annex,4,3,4,1,3,"Hayes, Sharon",617
22,West Annex,1,3,1,1,3,"Hayes, Timothy",218
20,Main Campus,2,1,4,1,4,"Henderson, Anthony",412
23,Main Campus,3,3,1,2,4,"Henderson, Daniel",367
19,Main Campus,3,2,3,1,1,"Henderson, Donald",276
19,Main Campus,4,5,4,4,5,"Henderson, Jeremy",207
24,Main Campus,1,1,2,1,1,"Henderson, Joan",685
21,Main Campus,3,4,1,5,2,"Henderson, Louise",372
20,West Annex,2,1,1,1,3,"Henderson, Wayne",241
18,Main Campus,1,2,5,3,2,"Henry, Deborah",309
19,West Annex,3,2,4,5,5,"Henry, Janice",910
24,West Annex,4,2,5,5,1,"Henry, Jeffrey",885
21,Main Campus,1,1,3,1,3,"Hernandez, Brenda",323
20,West Annex,3,1,1,2,1,"Hernandez, Juan",682
24,West Annex,2,2,4,2,4,"Hernandez, Michael",497
18,West Annex,3,3,3,3,3,"Hernandez, Norma",943
22,West Annex,3,1,3,3,3,"Hicks, Jose",733
19,West Annex,2,2,4,2,1,"Hicks, Kimberly",445
23,West Annex,3,2,5,1,1,"Hicks, Mildred",370
23,West Annex,2,2,3,5,3,"Hill, Melissa",693
22,Main Campus,2,3,4,3,4,"Hill, Michael",532
24,West Annex,3,5,3,3,5,"Holmes, Christopher",627
22,West Annex,4,5,4,4,5,"Holmes, Nicholas",220
23,Main Campus,1,2,4,1,1,"Howard, David",376
21,West Annex,2,1,2,2,1,"Howard, Doris",977
18,West Annex,3,3,2,5,1,"Howard, Henry",982
23,West Annex,2,3,3,2,3,"Howard, James",976
19,West Annex,5,4,3,3,2,"Howard, Ralph",472
23,Main Campus,4,3,3,3,1,"Howell, George",995
21,West Annex,4,3,1,2,3,"Howell, Joshua",781
23,West Annex,3,4,4,5,5,"Howell, Ryan",421
20,West Annex,2,3,5,1,2,"Hudson, Carl",369
21,West Annex,5,2,1,4,5,"Hudson, Jessica",990
23,Main Campus,3,2,3,3,4,"Hughes, Amy",287
22,West Annex,3,2,3,3,4,"Hughes, Brian",417
23,West Annex,3,2,3,2,4,"Hughes, David",537
19,West Annex,2,2,5,2,1,"Hughes, Eugene",825
24,West Annex,3,3,4,4,3,"Hughes, Jennifer",538
23,Main Campus,2,3,5,1,3,"Hughes, John",996
21,Main Campus,3,2,5,2,2,"Hughes, Juan",651
20,Main Campus,2,2,5,1,5,"Hughes, Maria",770
24,Main Campus,5,3,2,3,3,"Hughes, Ronald",602
19,West Annex,2,3,3,2,3,"Hunt, Irene",871
21,West Annex,3,1,5,2,2,"Hunt, Jane",222
23,Main Campus,5,2,3,2,3,"Hunt, Louis",783
21,West Annex,4,3,5,1,3,"Hunter, Carl",921
24,Main Campus,1,2,2,1,1,"Hunter, Diana",680
22,Main Campus,3,2,4,3,3,"Hunter, Gary",363
20,West Annex,4,3,1,3,2,"Hunter, Kathleen",947
19,Main Campus,3,1,2,2,3,"Hunter, Mildred",577
22,West Annex,4,1,5,5,1,"Jackson, Melissa",860
23,Main Campus,2,2,3,2,3,"Jackson, Nicholas",288
24,West Annex,1,1,5,2,1,"Jacobs, Clarence",177
23,Main Campus,3,3,2,5,3,"Jacobs, Gloria",728
20,West Annex,1,2,2,1,3,"Jacobs, Mary",18
21,West Annex,5,4,4,3,2,"James, Bobby",337
20,West Annex,5,5,4,5,3,"James, Theresa",103
18,West Annex,3,2,4,3,3,"Jenkins, Fred",678
24,West Annex,2,2,3,2,3,"Jenkins, Jason",413
18,Main Campus,1,3,5,1,2,"Jenkins, Julia",279
19,West Annex,2,1,5,1,1,"Jenkins, Kelly",60
21,Main Campus,1,2,4,5,2,"Jenkins, Marilyn",919
24,West Annex,1,1,3,1,3,"Johnson, Amanda",158
18,West Annex,1,1,4,3,3,"Johnson, Judith",236
22,Main Campus,5,2,2,2,3,"Johnson, Justin",883
19,West Annex,3,1,5,1,2,"Johnson, Samuel",654
23,Main Campus,1,1,1,2,2,"Johnston, Denise",661
19,West Annex,1,1,5,5,1,"Johnston, Harold",642
20,Main Campus,3,3,1,3,3,"Johnston, Paul",608
18,Main Campus,3,1,5,1,1,"Jones, Amanda",210
20,Main Campus,2,1,4,3,2,"Jones, George",937
24,Main Campus,3,1,2,2,2,"Jones, Jennifer",344
21,Main Campus,1,3,3,2,1,"Jones, Jesse",351
20,Main Campus,5,3,4,1,1,"Jones, Joshua",850
19,West Annex,1,2,2,2,2,"Jones, Rebecca",474
18,West Annex,1,3,5,1,4,"Jones, Tina",322
20,West Annex,1,2,2,1,1,"Kelley, Craig",655
21,West Annex,5,5,1,4,5,"Kelley, Marilyn",101
19,West Annex,4,4,3,3,4,"Kelley, Teresa",329
23,West Annex,2,1,4,3,3,"Kelly, Robin",107
21,Main Campus,3,2,4,2,3,"Kennedy, Andrew",843
23,West Annex,1,2,4,1,3,"Kennedy, Clarence",903
18,West Annex,4,3,2,1,3,"Kennedy, Ralph",961
18,Main Campus,1,3,3,1,1,"Kim, Kimberly",662
24,West Annex,2,2,4,2,2,"Kim, Lori",384
22,West Annex,1,2,5,1,1,"Kim, Martin",396
24,West Annex,1,3,3,2,3,"Kim, Terry",213
22,West Annex,3,3,5,2,2,"Kim, Walter",842
19,West Annex,2,2,2,2,1,"King, Andrew",202
24,Main Campus,1,1,5,1,1,"King, Larry",45
21,West Annex,3,3,4,2,2,"King, Melissa",704
24,Main Campus,4,1,1,3,1,"King, Michelle",905
18,West Annex,3,3,3,3,2,"King, Shirley",666
19,Main Campus,1,2,3,2,1,"Knight, Beverly",75
20,West Annex,2,1,3,3,1,"Knight, Helen",590
18,Main Campus,2,2,2,3,2,"Knight, Henry",649
18,Main Campus,2,3,4,5,2,"Knight, Keith",859
23,West Annex,1,1,5,3,2,"Knight, Timothy",121
19,Main Campus,1,1,1,2,3,"Lane, Alice",348
18,West Annex,1,2,4,5,2,"Lane, Angela",714
18,Main Campus,2,3,2,1,1,"Larson, Carl",160
18,Main Campus,2,3,1,5,2,"Larson, Mildred",932
21,West Annex,3,3,5,4,4,"Lawrence, Gary",561
18,Main Campus,4,1,2,3,2,"Lawrence, Jimmy",939
22,West Annex,3,2,1,2,3,"Lawrence, Justin",513
23,West Annex,2,1,4,2,3,"Lawrence, Larry",137
21,Main Campus,4,2,5,1,3,"Lawrence, Ruby",813
23,Main Campus,4,3,1,3,3,"Lawrence, Ruth",508
19,West Annex,2,1,5,1,2,"Lawson, Daniel",191
20,West Annex,3,3,3,5,1,"Lawson, Jacqueline",610
23,West Annex,3,1,2,1,1,"Lawson, Judy",520
22,Main Campus,1,3,3,5,1,"Lawson, Larry",692
23,Main Campus,1,2,2,1,4,"Lawson, Peter",312
24,Main Campus,3,4,5,3,5,"Lawson, Susan",296
19,Main Campus,1,3,5,3,2,"Lee, Martha",72
20,West Annex,2,2,2,1,3,"Lee, Nicholas",398
21,West Annex,1,2,4,2,2,"Lewis, Chris",49
23,West Annex,2,3,5,3,2,"Lewis, Julie",904
21,West Annex,2,3,2,1,3,"Lewis, Patricia",231
19,West Annex,1,1,2,1,3,"Lewis, Tammy",67
20,Main Campus,1,2,3,1,3,"Little, Doris",881
22,Main Campus,1,1,3,2,2,"Little, Juan",171
19,Main Campus,2,2,3,2,3,"Little, Katherine",133
20,Main Campus,2,1,4,2,2,"Little, Lois",847
19,Main Campus,1,1,3,1,1,"Long, Christopher",40
24,Main Campus,3,2,3,2,3,"Long, Elizabeth",553
23,West Annex,1,2,1,1,2,"Long, Evelyn",104
21,Main Campus,2,1,2,3,2,"Long, Ruby",257
18,Main Campus,1,3,3,1,3,"Lopez, Antonio",393
19,West Annex,3,2,4,2,1,"Lopez, Catherine",250
19,West Annex,3,5,3,3,3,"Lopez, Marie",683
20,West Annex,1,2,1,1,2,"Lopez, Martin",294
21,Main Campus,3,3,1,5,3,"Lopez, Nicole",607
21,Main Campus,1,2,5,1,1,"Lopez, Raymond",381
21,West Annex,3,5,1,4,4,"Lynch, Christine",232
21,West Annex,1,1,3,1,1,"Marshall, Cheryl",80
22,West Annex,4,4,3,4,2,"Marshall, Lori",467
22,West Annex,5,3,1,3,3,"Marshall, Nicholas",603
23,Main Campus,5,5,2,4,3,"Marshall, Sarah",168
18,Main Campus,2,2,2,3,1,"Marshall, Timothy",657
23,Main Campus,2,1,2,1,2,"Martin, Christopher",829
22,West Annex,1,1,1,1,3,"Martin, Edward",143
23,Main Campus,3,3,3,2,3,"Martin, Larry",721
19,Main Campus,1,1,5,2,1,"Martin, Louise",280
20,Main Campus,3,2,3,1,1,"Martin, Pamela",745
19,Main Campus,3,2,1,1,2,"Martin, Roger",927
20,West Annex,1,1,5,2,2,"Martin, Tammy",706
22,Main Campus,1,3,3,1,1,"Martin, Victor",385
18,Main Campus,3,4,5,5,4,"Martinez, Judy",409
21,West Annex,3,1,5,2,1,"Martinez, Maria",490
21,West Annex,2,2,1,1,2,"Martinez, Ralph",621
18,Main Campus,2,1,3,2,2,"Mason, Betty",264
23,Main Campus,2,2,3,2,1,"Mason, Joe",895
18,Main Campus,3,1,3,3,2,"Mason, Karen",917
18,West Annex,1,1,4,2,2,"Mason, Laura",89
23,Main Campus,5,1,3,5,3,"Mason, Walter",33
22,West Annex,2,2,2,1,5,"Mason, Wayne",757
22,Main Campus,1,2,2,2,4,"Matthews, Elizabeth",407
24,West Annex,1,2,3,3,3,"Matthews, Frank",913
22,West Annex,2,3,3,1,1,"Matthews, Katherine",56
20,West Annex,5,2,3,2,4,"Matthews, Peter",959
20,West Annex,1,1,3,2,2,"Matthews, Richard",176
18,Main Campus,5,2,4,3,4,"Mccoy, Andrew",902
19,Main Campus,3,1,2,1,1,"Mccoy, Brenda",762
19,West Annex,1,2,1,1,2,"Mccoy, Julia",149
23,Main Campus,2,3,2,1,1,"Mccoy, Margaret",187
21,Main Campus,5,5,3,4,5,"Mccoy, Marie",105
20,Main Campus,3,2,2,2,1,"Mcdonald, Aaron",652
23,West Annex,3,2,1,1,1,"Mcdonald, Carlos",650
19,West Annex,3,3,2,1,3,"Mcdonald, Judy",587
23,West Annex,3,2,5,1,4,"Mcdonald, Julie",864
24,West Annex,4,3,4,5,3,"Medina, Billy",856
23,West Annex,1,1,5,2,3,"Medina, Doris",718
21,West Annex,3,1,3,2,1,"Medina, Keith",300
21,West Annex,4,3,1,1,1,"Medina, Lisa",722
24,West Annex,4,3,4,5,2,"Medina, Matthew",477
21,Main Campus,3,3,3,3,3,"Mendoza, Carl",811
24,Main Campus,2,3,3,3,3,"Mendoza, Carlos",726
18,Main Campus,3,3,3,5,3,"Mendoza, Janet",703
22,West Annex,4,3,3,2,1,"Meyer, Joan",800
22,Main Campus,5,3,1,1,1,"Meyer, William",765
19,West Annex,5,1,4,4,4,"Miller, Martin",5
23,West Annex,2,3,5,2,2,"Miller, Nancy",799
24,Main Campus,4,5,2,4,5,"Miller, Raymond",212
23,West Annex,4,2,3,1,1,"Miller, Richard",575
21,West Annex,3,1,3,3,4,"Mills, Ann",552
20,West Annex,5,1,1,5,1,"Mills, Anthony",802
23,West Annex,2,1,3,2,3,"Mills, Bruce",251
19,West Annex,5,5,2,4,5,"Mills, Kimberly",172
23,West Annex,5,3,1,3,2,"Mills, Lisa",784
23,Main Campus,1,2,4,1,2,"Mills, Richard",424
18,West Annex,2,3,4,4,2,"Mills, Susan",839
24,West Annex,1,1,1,2,3,"Mitchell, Harold",582
23,Main Campus,1,1,2,1,4,"Mitchell, Kelly",437
24,Main Campus,4,3,5,2,2,"Mitchell, Ronald",759
21,Main Campus,1,1,1,2,1,"Mitchell, Theresa",281
19,West Annex,2,1,3,3,2,"Montgomery, Jacqueline",504
23,West Annex,3,2,2,5,3,"Montgomery, Louise",798
19,Main Campus,2,3,2,2,3,"Montgomery, Robin",253
23,Main Campus,3,3,3,1,2,"Montgomery, Steven",744
22,Main Campus,2,3,4,2,2,"Montgomery, Timothy",159
24,Main Campus,3,1,5,3,3,"Moore, Lois",543
24,West Annex,3,2,3,3,3,"Morales, Annie",73
20,Main Campus,3,2,1,2,1,"Morales, Brandon",21
23,West Annex,3,1,5,2,2,"Morales, Bruce",229
19,Main Campus,3,2,2,5,3,"Morales, Gloria",788
22,West Annex,5,3,3,4,2,"Morales, Joshua",809
18,West Annex,3,3,1,3,3,"Morales, Wayne",938
24,West Annex,2,2,3,1,3,"Moreno, Bruce",153
21,Main Campus,2,2,1,1,1,"Moreno, Emily",355
21,Main Campus,2,1,5,2,1,"Moreno, George",760
18,West Annex,1,1,3,1,1,"Moreno, Jeffrey",120
19,Main Campus,1,3,1,2,1,"Moreno, Marilyn",326
24,West Annex,2,1,2,1,2,"Moreno, Mark",254
20,Main Campus,2,2,4,3,4,"Morgan, Arthur",387
23,Main Campus,2,4,3,4,4,"Morgan, Denise",729
23,West Annex,4,2,1,5,2,"Morgan, Judith",606
23,Main Campus,3,3,1,1,1,"Morris, Antonio",390
20,Main Campus,1,2,4,2,1,"Morris, Brian",86
20,Main Campus,1,2,1,1,2,"Morris, Judith",616
19,Main Campus,4,3,5,5,3,"Morrison, Annie",628
23,West Annex,2,1,4,2,1,"Morrison, Elizabeth",526
22,Main Campus,3,3,1,2,2,"Morrison, Jesse",699
18,West Annex,1,2,2,5,5,"Morrison, Wanda",785
18,Main Campus,3,3,1,1,3,"Murphy, Justin",803
24,West Annex,3,3,1,1,1,"Murphy, Stephen",960
22,West Annex,2,3,5,3,1,"Murray, Christine",230
18,Main Campus,2,1,3,3,2,"Murray, Evelyn",139
19,Main Campus,1,1,3,4,3,"Murray, Wayne",978
19,Main Campus,3,4,5,4,5,"Myers, Margaret",406
20,West Annex,2,3,5,1,2,"Myers, Patricia",819
21,West Annex,3,2,2,5,2,"Myers, William",952
18,West Annex,3,3,4,2,3,"Nelson, Antonio",751
19,West Annex,1,3,4,4,3,"Nelson, Evelyn",838
22,Main Campus,1,3,1,2,3,"Nelson, Janet",142
22,Main Campus,1,3,5,3,2,"Nelson, Jerry",554
20,Main Campus,2,4,5,5,3,"Nelson, Susan",746
19,Main Campus,2,2,2,1,2,"Nguyen, Bonnie",484
24,Main Campus,1,2,3,2,3,"Nguyen, Willie",203
22,Main Campus,4,4,1,4,4,"Nichols, Alan",299
18,Main Campus,5,1,4,1,3,"Nichols, David",868
23,Main Campus,1,2,4,1,1,"Nichols, Juan",190
24,Main Campus,1,3,5,2,2,"Oliver, Aaron",116
19,West Annex,1,2,2,2,3,"Oliver, Donna",178
20,Main Campus,2,2,5,3,1,"Oliver, Laura",416
22,Main Campus,5,3,1,4,3,"Oliver, Margaret",816
21,Main Campus,2,1,3,1,3,"Oliver, Susan",123
21,Main Campus,2,1,1,2,1,"Oliver, Theresa",510
20,West Annex,4,1,4,1,1,"Olson, Christina",737
18,West Annex,3,3,1,3,3,"Olson, Randy",618
22,West Annex,2,3,5,1,1,"Ortiz, Jeremy",197
19,Main Campus,2,3,5,2,3,"Ortiz, Rebecca",951
19,Main Campus,1,3,5,3,2,"Owens, Carolyn",267
21,Main Campus,3,4,1,5,5,"Owens, Edward",331
24,West Annex,3,1,3,1,1,"Owens, Evelyn",145
24,Main Campus,1,2,1,3,1,"Owens, Helen",16
22,West Annex,3,3,1,3,3,"Owens, Joseph",826
18,West Annex,2,3,3,2,1,"Owens, Joshua",400
23,West Annex,2,1,5,2,4,"Owens, Louis",342
20,Main Campus,4,2,4,2,3,"Palmer, Beverly",891
23,Main Campus,2,2,2,3,1,"Palmer, Daniel",506
24,Main Campus,2,3,1,2,4,"Palmer, Irene",422
24,Main Campus,1,3,2,5,1,"Palmer, Jesse",772
19,West Annex,2,3,3,3,2,"Palmer, Julia",514
18,Main Campus,2,2,4,1,3,"Palmer, Louise",333
23,West Annex,1,2,1,1,3,"Palmer, Nancy",87
24,West Annex,1,2,1,2,4,"Palmer, Wanda",562
19,West Annex,1,1,3,5,1,"Parker, Amy",840
24,Main Campus,2,4,3,5,3,"Parker, Beverly",738
24,West Annex,5,3,4,3,4,"Parker, Phyllis",479
24,Main Campus,1,1,2,1,3,"Parker, William",443
24,Main Campus,2,1,5,2,1,"Patterson, Lawrence",261
23,West Annex,5,2,3,2,2,"Patterson, Lori",764
18,West Annex,2,1,3,1,2,"Patterson, Sean",359
21,Main Campus,2,1,5,5,1,"Patterson, Theresa",580
24,Main Campus,3,2,2,3,3,"Patterson, Todd",888
18,Main Campus,3,1,1,3,1,"Payne, Debra",245
21,Main Campus,1,3,3,3,3,"Payne, Samuel",163
24,West Annex,1,1,2,3,1,"Perez, Jack",425
23,Main Campus,4,3,4,1,1,"Perez, Laura",945
19,Main Campus,2,1,4,2,2,"Perez, Nicole",624
19,Main Campus,5,5,4,5,5,"Perez, Phyllis",165
22,West Annex,2,2,1,3,1,"Perez, Rachel",455
19,Main Campus,2,1,4,3,3,"Perkins, Barbara",448
21,West Annex,4,3,3,1,1,"Perkins, Benjamin",747
24,Main Campus,4,2,5,5,2,"Perkins, Charles",997
19,West Annex,3,2,1,1,1,"Perkins, Denise",411
24,Main Campus,3,2,5,1,1,"Perkins, Jennifer",505
23,West Annex,3,4,4,4,3,"Perkins, Stephen",408
19,Main Campus,4,3,2,3,1,"Perkins, Walter",955
21,Main Campus,2,1,4,2,2,"Perry, Ruby",156
23,West Annex,3,2,1,1,2,"Perry, Theresa",849
22,Main Campus,1,1,5,1,1,"Perry, Wayne",85
23,Main Campus,1,3,4,1,1,"Peters, Carl",436
18,Main Campus,3,3,3,3,4,"Peters, Kelly",591
19,Main Campus,3,3,1,4,5,"Peters, Lori",536
23,West Annex,2,2,5,2,2,"Peters, Roger",399
20,West Annex,1,3,1,2,2,"Peters, Shawn",954
24,West Annex,3,3,5,1,1,"Peters, Stephen",10
21,West Annex,3,3,2,3,3,"Peterson, Jesse",828
19,Main Campus,1,2,1,5,2,"Peterson, Lillian",942
20,West Annex,3,2,3,1,1,"Peterson, Sandra",546
19,West Annex,3,1,3,3,2,"Phillips, Nicole",601
23,West Annex,4,1,4,2,3,"Phillips, Virginia",743
19,Main Campus,4,3,4,4,1,"Pierce, Bonnie",805
20,Main Campus,2,3,4,2,2,"Pierce, Harold",289
23,West Annex,4,1,3,2,2,"Pierce, Jessica",671
24,Main Campus,2,3,2,2,2,"Pierce, Rebecca",114
20,West Annex,1,1,2,3,3,"Porter, Betty",988
22,Main Campus,3,1,3,2,3,"Porter, Brandon",328
20,West Annex,1,2,5,2,1,"Porter, Jose",182
24,West Annex,1,3,1,1,2,"Powell, Harold",144
18,Main Campus,4,5,1,4,4,"Powell, Howard",169
22,Main Campus,5,5,5,5,3,"Price, Christopher",708
24,Main Campus,1,3,4,2,3,"Price, Jeremy",956
19,Main Campus,3,3,1,1,2,"Price, Jessica",389
22,Main Campus,1,1,5,1,2,"Price, Judy",247
23,West Annex,1,3,2,2,4,"Price, Louise",507
18,Main Campus,5,2,5,4,3,"Price, Marilyn",786
20,Main Campus,1,2,2,1,1,"Price, Todd",1
22,Main Campus,1,1,3,1,1,"Ramirez, Ernest",35
23,West Annex,4,4,4,5,5,"Ramirez, Lori",341
18,Main Campus,2,3,2,1,1,"Ramirez, Tammy",730
21,Main Campus,3,2,4,3,4,"Ramos, Cynthia",852
23,Main Campus,5,2,2,5,5,"Ramos, Dorothy",875
18,West Annex,3,3,2,1,2,"Ramos, Sara",669
20,Main Campus,4,5,2,3,5,"Ray, Diana",637
22,Main Campus,2,3,4,5,1,"Ray, Margaret",787
20,Main Campus,2,1,1,2,1,"Ray, Nicholas",46
19,West Annex,1,3,2,1,3,"Ray, Walter",358
20,West Annex,2,2,3,1,3,"Reed, Aaron",958
19,West Annex,1,3,2,3,2,"Reed, Barbara",774
22,Main Campus,2,1,4,2,3,"Reed, Jerry",373
21,West Annex,1,3,4,2,5,"Reed, Peter",52
22,West Annex,3,1,5,4,2,"Reed, Theresa",909
18,Main Campus,1,1,3,3,3,"Reid, Antonio",293
19,Main Campus,3,2,1,2,3,"Reid, Barbara",318
20,West Annex,1,1,2,5,1,"Reid, Dorothy",967
18,Main Campus,1,2,5,3,1,"Reid, Jose",475
24,West Annex,1,2,4,2,2,"Reid, Ruth",166
24,West Annex,2,3,1,1,3,"Reid, Sean",221
20,West Annex,2,1,5,1,1,"Reyes, Arthur",200
18,Main Campus,1,1,3,3,1,"Reyes, Joe",15
24,Main Campus,1,3,4,4,3,"Reyes, Randy",926
24,Main Campus,2,3,3,1,2,"Reyes, Stephen",674
21,West Annex,5,2,1,1,5,"Reynolds, Dennis",935
24,Main Campus,3,3,3,3,2,"Reynolds, Fred",84
24,Main Campus,2,1,1,3,1,"Richards, Clarence",155
24,Main Campus,4,1,4,5,2,"Richards, Heather",957
19,Main Campus,2,3,4,3,3,"Richards, Jacqueline",771
24,Main Campus,1,3,2,3,1,"Richards, Rose",476
19,West Annex,1,2,3,3,2,"Richards, Ruth",676
19,West Annex,2,2,4,1,1,"Richards, Sandra",647
21,Main Campus,1,3,2,3,3,"Richardson, Carl",223
23,West Annex,4,4,5,4,5,"Richardson, Cheryl",360
20,Main Campus,3,2,4,3,1,"Richardson, Frank",320
18,West Annex,2,1,2,2,3,"Richardson, Larry",198
24,West Annex,4,3,5,4,1,"Richardson, Linda",865
24,Main Campus,1,2,2,2,1,"Richardson, Rachel",767
22,West Annex,1,2,3,1,4,"Riley, Christina",427
22,Main Campus,2,1,2,3,3,"Riley, Jacqueline",368
19,West Annex,1,3,4,3,2,"Riley, Jerry",949
21,West Annex,2,1,5,2,3,"Riley, Jerry",968
18,Main Campus,1,2,3,3,1,"Riley, Jonathan",115
24,West Annex,5,2,3,5,3,"Riley, Kathy",986
22,Main Campus,3,5,3,5,5,"Riley, Nicole",670
19,Main Campus,1,3,3,2,1,"Rivera, Brian",450
22,West Annex,2,1,2,2,3,"Rivera, Joe",928
24,Main Campus,2,3,3,2,4,"Rivera, Keith",362
22,West Annex,2,2,2,3,2,"Rivera, Terry",434
20,West Annex,2,3,2,2,3,"Roberts, Andrea",941
24,Main Campus,2,1,3,2,1,"Roberts, Anna",195
18,West Annex,3,2,3,5,3,"Roberts, Annie",673
22,Main Campus,3,1,3,3,3,"Roberts, Bobby",313
22,West Annex,1,3,4,3,2,"Roberts, Carl",684
22,West Annex,2,2,2,2,1,"Roberts, Diane",215
20,West Annex,2,5,3,4,5,"Robertson, Jesse",687
21,West Annex,2,2,1,3,2,"Robertson, Raymond",374
18,West Annex,4,4,3,4,5,"Robertson, Roger",366
18,Main Campus,1,1,3,1,1,"Robinson, Ashley",235
22,Main Campus,5,1,3,5,4,"Robinson, Charles",1
21,Main Campus,2,2,4,1,2,"Robinson, Diane",414
22,West Annex,1,1,4,3,3,"Robinson, Jack",13
24,West Annex,5,2,4,4,3,"Robinson, Lisa",801
21,Main Campus,4,2,3,1,2,"Robinson, Tammy",719
22,West Annex,2,3,2,3,3,"Rodriguez, Brian",93
20,Main Campus,5,1,3,4,5,"Rodriguez, Clarence",76
21,Main Campus,2,1,3,3,2,"Rodriguez, Cynthia",314
23,Main Campus,5,2,5,3,3,"Rodriguez, Douglas",906
19,Main Campus,4,3,2,4,3,"Rogers, Christopher",851
18,West Annex,1,2,1,3,1,"Rogers, Dennis",790
18,West Annex,2,3,5,5,3,"Rogers, Earl",896
19,West Annex,2,3,4,5,1,"Rogers, Judy",965
22,West Annex,4,4,3,5,5,"Rogers, Ruth",752
24,West Annex,3,2,3,3,2,"Romero, Christine",544
23,West Annex,4,1,4,2,2,"Romero, Louise",656
20,West Annex,1,1,5,2,1,"Romero, Mark",301
19,West Annex,1,3,1,1,2,"Rose, Jonathan",259
20,West Annex,2,2,2,3,3,"Rose, Julie",418
22,West Annex,3,1,2,2,1,"Rose, Karen",470
20,Main Campus,5,5,4,5,3,"Rose, Phyllis",117
24,West Annex,1,3,4,3,3,"Ross, Amy",731
21,Main Campus,4,4,1,4,5,"Ross, Barbara",291
23,West Annex,3,2,5,2,2,"Ross, Carol",569
19,Main Campus,2,3,1,2,3,"Ross, Jacqueline",493
21,Main Campus,3,2,4,3,2,"Ross, Teresa",534
22,Main Campus,3,2,4,3,3,"Ruiz, Kenneth",28
24,West Annex,1,3,3,2,2,"Ruiz, Nicole",274
24,West Annex,3,3,3,4,2,"Ruiz, William",824
20,Main Campus,3,5,4,5,4,"Russell, Benjamin",664
21,West Annex,2,2,4,5,1,"Russell, Betty",632
19,Main Campus,4,2,2,3,2,"Russell, Diane",614
21,West Annex,1,1,5,2,1,"Ryan, Julie",975
24,Main Campus,2,3,1,1,1,"Ryan, Mark",271
19,West Annex,1,2,2,1,4,"Ryan, Samuel",992
20,Main Campus,1,1,1,2,1,"Sanchez, Bruce",260
20,Main Campus,1,1,5,2,3,"Sanchez, Lois",583
21,West Annex,2,2,5,5,5,"Sanders, Jason",930
19,West Annex,1,1,1,5,3,"Sanders, Laura",773
23,Main Campus,3,3,1,3,4,"Schmidt, Daniel",492
21,Main Campus,4,1,1,2,2,"Schmidt, Gerald",631
24,West Annex,1,1,2,1,3,"Schmidt, Laura",122
24,West Annex,3,3,2,3,1,"Schmidt, Roger",605
21,Main Campus,1,2,3,2,3,"Schmidt, Sean",83
20,West Annex,3,4,5,3,5,"Schmidt, Sean",401
19,West Annex,2,1,1,3,2,"Schmidt, Sharon",539
24,Main Campus,3,2,3,2,3,"Scott, Albert",713
22,Main Campus,3,2,1,1,4,"Scott, Denise",432
19,West Annex,1,2,2,2,2,"Scott, Jennifer",324
22,West Annex,3,2,3,3,4,"Scott, Joshua",512
23,West Annex,2,1,5,2,3,"Scott, Kathy",273
18,West Annex,1,2,4,2,1,"Scott, Laura",950
21,West Annex,3,1,2,1,2,"Scott, Paula",834
22,West Annex,1,3,1,3,3,"Scott, Sarah",268
20,Main Campus,1,3,3,3,1,"Scott, Willie",780
20,Main Campus,3,1,4,3,2,"Shaw, Billy",691
19,West Annex,3,3,4,1,3,"Shaw, Brian",916
19,West Annex,5,5,1,5,5,"Shaw, Eugene",140
18,Main Campus,5,5,2,3,4,"Shaw, Lisa",129
19,Main Campus,1,1,5,1,1,"Shaw, Margaret",515
19,West Annex,1,3,3,1,1,"Shaw, Randy",66
22,West Annex,3,1,1,5,1,"Shaw, Russell",782
21,Main Campus,2,5,4,3,3,"Shaw, Steven",716
20,West Annex,3,2,3,5,1,"Shaw, Virginia",675
21,Main Campus,2,3,3,1,4,"Simmons, Emily",377
23,West Annex,2,3,3,1,2,"Simmons, Judy",214
22,Main Campus,2,1,2,2,1,"Simmons, Laura",495
21,Main Campus,1,1,3,3,1,"Simmons, Mary",30
24,Main Campus,3,2,1,1,3,"Simmons, Ruth",558
22,West Annex,1,2,3,3,3,"Simpson, Diane",886
22,West Annex,5,4,5,3,2,"Simpson, Donna",352
21,Main Campus,3,1,3,4,1,"Simpson, Kelly",810
19,West Annex,3,1,2,1,1,"Simpson, Nicholas",346
18,Main Campus,2,3,2,1,4,"Sims, Joseph",292
23,Main Campus,1,2,5,2,1,"Snyder, Adam",446
19,West Annex,3,1,2,1,2,"Snyder, Anne",134
21,West Annex,2,1,2,2,3,"Snyder, Diane",206
18,West Annex,1,1,2,3,5,"Snyder, Gregory",4
23,Main Campus,1,3,3,2,2,"Snyder, Jeremy",696
20,Main Campus,3,1,4,3,1,"Snyder, Victor",225
18,West Annex,4,3,2,5,1,"Spencer, Barbara",695
22,West Annex,2,1,3,2,3,"Spencer, Jeffrey",208
19,Main Campus,2,2,4,3,4,"Spencer, Terry",522
24,Main Campus,2,2,5,3,1,"Stanley, Betty",441
22,West Annex,3,5,4,4,3,"Stanley, Eric",668
18,West Annex,2,1,1,1,2,"Stanley, Victor",269
21,Main Campus,4,4,2,5,4,"Stephens, Andrea",277
20,West Annex,5,4,3,4,3,"Stephens, Diane",248
23,West Annex,4,5,4,4,4,"Stephens, Henry",219
20,West Annex,2,3,3,3,1,"Stevens, Carol",430
24,West Annex,2,3,4,3,1,"Stevens, Daniel",255
22,West Annex,3,1,3,2,2,"Stevens, Diana",571
19,Main Campus,1,2,5,1,4,"Stevens, George",827
23,West Annex,1,2,5,2,1,"Stewart, Bonnie",466
23,West Annex,2,3,1,3,4,"Stone, Adam",517
23,Main Campus,4,3,4,2,2,"Stone, Raymond",874
24,Main Campus,3,1,3,1,2,"Sullivan, James",419
19,Main Campus,4,3,1,2,2,"Sullivan, Lois",862
23,West Annex,3,3,5,3,4,"Sullivan, Maria",487
21,Main Campus,4,3,2,3,2,"Taylor, Diana",749
18,West Annex,1,3,4,1,1,"Taylor, Marilyn",180
18,West Annex,1,3,1,1,2,"Taylor, Roger",529
24,Main Campus,3,2,1,3,4,"Thomas, Ann",482
22,Main Campus,3,5,3,3,5,"Thomas, Eric",710
23,West Annex,5,5,1,1,4,"Thomas, Jeffrey",646
23,West Annex,5,5,5,4,3,"Thomas, Paul",201
21,Main Campus,1,2,5,1,1,"Thomas, Todd",70
18,West Annex,5,2,2,2,3,"Thompson, Eugene",806
23,West Annex,2,1,4,1,1,"Thompson, Helen",295
21,Main Campus,1,1,5,1,2,"Thompson, Jesse",151
21,West Annex,4,4,2,4,4,"Thompson, Matthew",272
20,Main Campus,1,2,4,2,2,"Thompson, Michael",239
23,West Annex,2,2,2,5,1,"Thompson, Michael",807
24,Main Campus,3,5,1,4,5,"Thompson, Patrick",697
20,Main Campus,1,1,4,1,3,"Thompson, Timothy",102
21,West Annex,2,2,5,1,1,"Torres, Judy",630
23,Main Campus,2,2,4,4,3,"Torres, Kathy",776
21,West Annex,3,1,3,1,3,"Torres, Michael",761
20,Main Campus,2,1,1,2,1,"Torres, Michelle",285
20,Main Campus,3,2,5,1,3,"Torres, Robin",901
22,Main Campus,1,2,4,3,2,"Torres, Shawn",179
18,West Annex,1,1,3,1,3,"Torres, Shawn",388
18,Main Campus,3,1,1,2,1,"Tucker, Aaron",405
21,Main Campus,2,2,5,1,1,"Tucker, Brian",380
24,West Annex,1,2,3,3,3,"Tucker, Kelly",841
24,Main Campus,1,2,3,2,3,"Tucker, Lois",258
19,Main Campus,4,3,2,3,4,"Turner, Andrew",551
19,Main Campus,3,1,5,2,1,"Turner, Kimberly",717
23,West Annex,4,2,2,1,1,"Turner, Louise",640
22,West Annex,3,2,1,5,2,"Vasquez, Christine",869
18,West Annex,2,3,4,2,1,"Vasquez, Cynthia",275
23,Main Campus,1,2,4,4,3,"Vasquez, Mildred",833
24,West Annex,1,1,4,3,1,"Wagner, George",51
23,Main Campus,1,2,5,3,3,"Wagner, Laura",658
22,Main Campus,2,3,4,2,3,"Wagner, Lisa",578
24,Main Campus,3,2,1,1,2,"Wagner, Richard",579
24,West Annex,4,2,1,2,1,"Walker, Catherine",715
23,Main Campus,1,1,1,2,2,"Walker, Larry",34
18,West Annex,1,1,2,2,1,"Walker, Matthew",170
24,Main Campus,3,3,5,1,3,"Walker, Philip",793
21,West Annex,3,3,1,3,1,"Wallace, Brandon",672
20,West Annex,1,1,4,3,2,"Wallace, Christina",94
18,West Annex,3,2,2,2,2,"Wallace, Donna",549
20,Main Campus,3,3,1,2,4,"Wallace, Jacqueline",332
23,Main Campus,2,2,1,1,2,"Wallace, Peter",556
22,West Annex,1,1,2,2,4,"Wallace, Thomas",502
20,West Annex,4,2,3,2,3,"Ward, Andrea",866
19,West Annex,1,1,2,1,2,"Ward, Brenda",284
22,West Annex,4,4,3,1,4,"Ward, Marie",999
23,West Annex,4,5,4,3,4,"Ward, Pamela",99
23,Main Campus,3,2,3,3,2,"Warren, Janice",564
19,Main Campus,5,1,1,5,3,"Warren, Jason",23
22,Main Campus,3,2,5,2,2,"Warren, Louis",754
23,Main Campus,2,1,1,3,2,"Warren, Michael",626
24,West Annex,4,4,1,3,5,"Warren, Michelle",371
19,Main Campus,5,1,2,4,3,"Warren, Peter",43
24,West Annex,4,3,2,1,1,"Washington, Adam",732
18,West Annex,3,3,1,4,3,"Washington, Christina",548
18,West Annex,4,2,3,2,4,"Washington, Christina",889
20,West Annex,4,5,1,4,4,"Washington, George",242
23,West Annex,2,1,5,1,1,"Washington, Jerry",340
18,Main Campus,1,2,2,1,1,"Washington, Kathleen",81
23,Main Campus,4,3,1,3,1,"Washington, Nancy",925
24,Main Campus,3,3,4,5,1,"Watson, Ann",777
24,West Annex,3,2,3,3,3,"Watson, Diana",196
21,Main Campus,1,3,2,1,3,"Watson, Ernest",48
24,West Annex,3,1,3,3,3,"Watson, Jean",63
22,West Annex,4,2,1,2,2,"Watson, Joan",581
21,Main Campus,1,1,4,1,1,"Watson, Joseph",451
22,West Annex,3,2,1,1,3,"Watson, Phyllis",68
20,West Annex,2,1,4,1,3,"Weaver, Christopher",588
24,West Annex,1,2,1,3,2,"Weaver, Jacqueline",867
21,Main Campus,4,1,4,3,3,"Weaver, Mildred",428
22,West Annex,1,1,5,3,2,"Weaver, Ruby",379
24,Main Campus,2,2,3,2,1,"Webb, Johnny",660
22,West Annex,3,1,3,2,1,"Webb, Karen",306
20,Main Campus,2,3,5,2,1,"Webb, Stephen",55
24,West Annex,2,2,5,2,3,"Welch, Catherine",993
18,West Annex,1,3,4,5,2,"Welch, Denise",814
18,Main Campus,3,2,4,1,1,"Welch, Dennis",491
22,Main Campus,2,2,3,1,1,"Welch, Joshua",431
24,Main Campus,1,2,1,2,2,"Welch, Judy",69
18,Main Campus,2,1,4,1,3,"Welch, Kevin",878
22,Main Campus,3,3,3,5,5,"Wells, Cheryl",540
18,Main Campus,1,2,1,1,4,"Wells, Jerry",302
19,West Annex,3,3,5,3,2,"Wells, Shawn",789
22,West Annex,3,2,5,3,3,"West, Ann",518
24,West Annex,2,2,2,5,1,"West, Keith",725
21,Main Campus,3,1,1,1,3,"West, Matthew",233
23,Main Campus,2,2,5,5,2,"Wheeler, Brenda",641
22,Main Campus,5,4,4,4,3,"Wheeler, Carolyn",263
18,Main Campus,1,2,1,1,1,"Wheeler, Earl",290
23,West Annex,1,3,1,2,3,"Wheeler, Joseph",108
20,Main Campus,2,3,4,5,2,"Wheeler, Phyllis",979
24,West Annex,3,2,3,2,4,"White, Clarence",914
24,Main Campus,2,2,3,1,3,"White, Craig",971
22,Main Campus,2,1,5,2,3,"White, Jimmy",861
19,Main Campus,1,3,3,2,3,"White, Norma",256
24,West Annex,2,3,2,1,2,"Williams, Howard",334
22,West Annex,1,2,2,1,2,"Williams, Patrick",249
22,Main Campus,3,2,5,3,1,"Williamson, Doris",521
20,Main Campus,1,2,3,3,1,"Williamson, Martha",5
24,West Annex,1,1,3,3,1,"Williamson, Sarah",481
21,Main Campus,3,3,4,3,2,"Willis, Brenda",141
21,Main Campus,5,4,5,5,5,"Willis, Jeffrey",316
18,West Annex,1,1,5,5,2,"Wilson, Catherine",711
22,Main Campus,4,2,5,2,3,"Wilson, Jacqueline",698
23,Main Campus,2,3,2,2,4,"Wilson, Kathryn",327
19,West Annex,2,2,2,2,3,"Wilson, Nancy",403
22,Main Campus,1,3,3,3,3,"Wood, Arthur",768
24,Main Campus,3,3,2,3,5,"Wood, Dennis",560
19,Main Campus,1,3,5,1,1,"Wood, Louis",920
20,Main Campus,3,3,3,1,2,"Woods, Alan",594
21,Main Campus,3,2,4,1,1,"Woods, Evelyn",531
19,Main Campus,3,3,2,4,2,"Woods, Marie",907
22,West Annex,4,2,2,3,3,"Woods, Steven",981
18,Main Campus,2,1,3,2,2,"Woods, Teresa",319
19,West Annex,4,3,5,5,2,"Woods, Wayne",897
23,Main Campus,2,1,2,3,2,"Woods, Willie",154
21,West Annex,3,4,5,3,3,"Wright, Chris",378
24,Main Campus,1,3,4,1,2,"Wright, Henry",611
24,West Annex,2,2,5,1,3,"Wright, Jack",438
19,Main Campus,2,1,2,1,3,"Young, Brenda",503
19,Main Campus,3,3,4,3,1,"Young, Maria",635
20,Main Campus,1,2,1,1,3,"Young, Sara",593
